,id,first_name,last_name,email,gender,ip_address,age
0,1,Rossie,Bayfield,rbayfield0@icq.com,Male,86.24.129.160,99
1,2,Syman,Postins,spostins1@sfgate.com,Male,18.163.241.205,19
2,3,Marie-jeanne,Christin,mchristin2@phoca.cz,Female,199.63.103.65,13
3,4,Rosella,Elix,relix3@cdbaby.com,Female,171.62.224.52,31
4,5,Michell,Besse,mbesse4@tinyurl.com,Female,98.214.114.67,45
5,6,Morse,Fowells,mfowells5@wikispaces.com,Male,43.76.33.153,6
6,7,Avivah,MacKeeg,amackeeg6@state.tx.us,Female,32.126.34.10,99
7,8,Valentin,Loram,vloram7@github.io,Male,84.138.163.29,59
8,9,Nonie,McIlharga,nmcilharga8@yolasite.com,Female,32.144.249.196,97
9,10,Chicky,Cumine,ccumine9@imageshack.us,Female,182.166.178.255,83
10,11,Everard,Clancey,eclanceya@yelp.com,Male,253.8.170.48,18
11,12,Sigismundo,Woodes,swoodesb@wufoo.com,Male,247.195.157.255,83
12,13,Otes,Sedman,osedmanc@cargocollective.com,Male,152.135.46.67,80
13,14,Lesly,Yaus,lyausd@1und1.de,Female,136.69.212.87,4
14,15,Rheba,Broadwell,rbroadwelle@ning.com,Female,12.80.242.16,15
15,16,Boyce,Liepina,bliepinaf@imgur.com,Male,7.223.196.55,74
16,17,Jeffry,Hewins,jhewinsg@statcounter.com,Male,248.58.248.52,30
17,18,Tracey,Bamforth,tbamforthh@liveinternet.ru,Male,119.31.149.166,21
18,19,Kayle,Alentyev,kalentyevi@nyu.edu,Female,185.242.227.82,87
19,20,Cull,Huygens,chuygensj@barnesandnoble.com,Male,137.254.236.39,46
20,21,Waylin,Duchant,wduchantk@columbia.edu,Male,183.214.241.41,8
21,22,Sergent,Schaumann,sschaumannl@digg.com,Male,119.59.51.118,61
22,23,Graeme,Ties,gtiesm@fema.gov,Male,53.66.114.58,25
23,24,Constantia,Sterrick,csterrickn@1und1.de,Female,153.95.185.96,20
24,25,Maryl,Buer,mbuero@newsvine.com,Female,223.135.121.253,79
25,26,Prent,Yewen,pyewenp@4shared.com,Male,190.29.136.111,56
26,27,Keenan,Di Bernardo,kdibernardoq@apple.com,Male,26.194.26.0,23
27,28,Nariko,Raywood,nraywoodr@vkontakte.ru,Female,134.78.159.138,11
28,29,Demetria,Himpson,dhimpsons@elpais.com,Female,41.239.19.222,67
29,30,Dame,Dorro,ddorrot@ucsd.edu,Male,166.78.192.9,37
30,31,Kylynn,Stanistrete,kstanistreteu@purevolume.com,Female,51.164.254.190,35
31,32,Penrod,Mirrlees,pmirrleesv@wikispaces.com,Male,193.28.60.96,57
32,33,Rolph,Firth,rfirthw@hubpages.com,Male,44.207.227.227,20
33,34,Ayn,Finby,afinbyx@cbsnews.com,Female,213.165.7.72,42
34,35,Avrom,Mullan,amullany@ezinearticles.com,Male,162.123.116.177,61
35,36,Berta,Skuse,bskusez@google.es,Female,43.68.218.184,47
36,37,Willi,Schoular,wschoular10@wsj.com,Female,190.179.128.156,42
37,38,Arin,Spaducci,aspaducci11@discuz.net,Male,23.46.42.216,90
38,39,Ricky,Gosdin,rgosdin12@imgur.com,Female,223.106.246.138,53
39,40,Leanor,Wastell,lwastell13@barnesandnoble.com,Female,94.186.152.156,12
40,41,Bogey,Grinnov,bgrinnov14@fda.gov,Male,234.209.236.2,86
41,42,Valida,Petry,vpetry15@cdc.gov,Female,48.188.27.214,25
42,43,Mel,Longhorn,mlonghorn16@goodreads.com,Male,147.23.238.28,62
43,44,Loutitia,Maciaszczyk,lmaciaszczyk17@house.gov,Female,133.56.29.124,62
44,45,Arlen,Keelan,akeelan18@theguardian.com,Female,87.47.88.181,58
45,46,Chilton,Ottery,cottery19@thetimes.co.uk,Male,243.80.37.139,22
46,47,Gian,Fuster,gfuster1a@wordpress.com,Male,95.238.74.81,25
47,48,Bale,Gilston,bgilston1b@blogger.com,Male,254.24.28.233,62
48,49,Waverly,Ferie,wferie1c@wix.com,Male,26.114.100.110,84
49,50,Onfre,Greenhill,ogreenhill1d@webnode.com,Male,106.132.71.116,40
50,51,Georgette,Hryskiewicz,ghryskiewicz1e@google.pl,Female,68.183.13.164,17
51,52,Matthias,Ransom,mransom1f@storify.com,Male,213.101.180.195,37
52,53,Cordelie,Akerman,cakerman1g@addtoany.com,Female,106.248.29.123,20
53,54,Frasco,Manwell,fmanwell1h@wikimedia.org,Male,225.83.170.63,46
54,55,Reginald,Sarsfield,rsarsfield1i@live.com,Male,133.198.72.13,22
55,56,Jeremie,Iacovolo,jiacovolo1j@t-online.de,Male,181.151.234.88,37
56,57,Burg,Hawtry,bhawtry1k@google.fr,Male,253.217.211.158,42
57,58,Sheryl,Sheirlaw,ssheirlaw1l@gov.uk,Female,29.33.24.143,79
58,59,Binky,Knath,bknath1m@addtoany.com,Male,146.93.45.209,15
59,60,Manolo,Reeves,mreeves1n@fotki.com,Male,183.150.98.112,80
60,61,Sollie,Tukesby,stukesby1o@quantcast.com,Male,147.198.237.60,96
61,62,Fletch,Baiden,fbaiden1p@craigslist.org,Male,70.29.132.110,53
62,63,Garfield,Camilleri,gcamilleri1q@tinyurl.com,Male,36.10.179.95,95
63,64,Rudyard,Boffin,rboffin1r@psu.edu,Male,138.128.101.139,53
64,65,June,Tearney,jtearney1s@etsy.com,Female,7.47.131.123,9
65,66,Lucinda,Sazio,lsazio1t@mapy.cz,Female,163.61.67.78,81
66,67,Calida,Yanshin,cyanshin1u@shareasale.com,Female,34.224.62.5,87
67,68,Caro,Traske,ctraske1v@merriam-webster.com,Female,238.222.213.142,82
68,69,Editha,Delea,edelea1w@surveymonkey.com,Female,4.116.165.171,12
69,70,Ann,Wiltshear,awiltshear1x@t-online.de,Female,124.111.142.113,60
70,71,Antonia,Oloshin,aoloshin1y@marketwatch.com,Female,168.66.114.61,96
71,72,Rodger,Reavell,rreavell1z@uol.com.br,Male,133.195.0.126,12
72,73,Tommie,Elsmore,telsmore20@wired.com,Female,11.207.126.85,99
73,74,Mathe,Wreak,mwreak21@freewebs.com,Male,67.237.26.41,12
74,75,Brina,Diamant,bdiamant22@prweb.com,Female,153.36.39.239,85
75,76,Brodie,Rubartelli,brubartelli23@bravesites.com,Male,150.206.120.240,20
76,77,Brant,Flieg,bflieg24@unblog.fr,Male,80.192.200.134,89
77,78,Lyndy,McAulay,lmcaulay25@reuters.com,Female,105.184.53.109,51
78,79,Dorey,Beiderbecke,dbeiderbecke26@google.ru,Male,59.36.117.123,40
79,80,Jasun,Battie,jbattie27@bbc.co.uk,Male,205.221.202.150,49
80,81,Starlene,Layland,slayland28@cnbc.com,Female,225.137.56.91,61
81,82,Penny,Guilliland,pguilliland29@ask.com,Male,80.0.40.144,100
82,83,Simone,Charlton,scharlton2a@ucoz.ru,Female,99.192.146.18,46
83,84,Goddard,Ogglebie,gogglebie2b@reuters.com,Male,65.205.3.30,90
84,85,Constance,Fitt,cfitt2c@java.com,Female,52.220.119.239,85
85,86,Lonny,Thomasset,lthomasset2d@goo.ne.jp,Male,187.147.173.36,79
86,87,Katusha,Patinkin,kpatinkin2e@sfgate.com,Female,54.152.138.60,92
87,88,Leese,Guion,lguion2f@adobe.com,Female,187.245.233.48,38
88,89,Pru,Imorts,pimorts2g@engadget.com,Female,122.255.251.142,2
89,90,Garry,Culleton,gculleton2h@netlog.com,Male,188.141.52.73,61
90,91,Nickie,Coverly,ncoverly2i@bbb.org,Male,14.57.96.254,30
91,92,Jdavie,Clandillon,jclandillon2j@comsenz.com,Male,224.161.178.118,51
92,93,Jolie,Swyer,jswyer2k@booking.com,Female,182.211.146.201,64
93,94,Rafaellle,Eykelbosch,reykelbosch2l@theglobeandmail.com,Male,199.245.115.92,83
94,95,Aleen,Carlisle,acarlisle2m@mac.com,Female,18.64.81.171,86
95,96,Jerrie,Menco,jmenco2n@hostgator.com,Male,165.0.50.12,73
96,97,Matthus,Rutgers,mrutgers2o@google.com.br,Male,61.161.168.92,28
97,98,Cherice,Niesegen,cniesegen2p@symantec.com,Female,8.245.5.120,86
98,99,Ailey,Reinert,areinert2q@opensource.org,Female,11.221.127.178,88
99,100,Riki,Fingleton,rfingleton2r@businessweek.com,Female,196.246.223.203,6
